Project,Year,City,Country,Material,Organization,Descrtiption,Type,Link,Latitude,Longitude
CeramicINformation Pavilion,2017,Hong Kong,China,Clays / ceramics,University of Hong Kong,Rethinking structural terracotta bricks through robotic 3D printing technologies.,University,https://www.arch.hku.hk/ACADEMIA_project/ceramicinformation-pavilion/,22.350627,114.1849161
Ceramic Constellation Pavilion,2017,Hong Kong,China,Clays / ceramics,University of Hong Kong,Spatial shifts through robotically fabricated terracotta bricks.,University,https://www.arch.hku.hk/ACADEMIA_project/ceramic-constellation-pavilion/,22.350627,114.1849161
Cucuyo Cocoon Shaped Café Bar,2017,Miami,USA,Metal,MX3D,Cucuyo is a cocoon-shaped outdoor bar designed by Berenblum Busch Architects and manufactured using 3D printing technology. It will be used as an outdoor bar at the Perez Art Museum Miami.,Industry,https://mx3d.com/projects-cucuyo/,25.7741728,-80.19362
Integradde Optimized Metal Trusses,2020,Amsterdam,Netherlands,Metal,MX3D,"3D-printed metal trusses using robotic WAAM for large-scale certified metal parts, part of an end-to-end framework for additive manufacturing by the INTEGRADDE consortium.",Industry,https://mx3d.com/integradde/,52.3730796,4.8924534
3D Printed Smart Bridge in Amsterdam,2021,Amsterdam,Netherlands,Metal,MX3D,MX3D 3D printed a 12 meter long stainless steel pedestrian bridge in Amsterdam's old city center in 2021. A smart sensor network was developed to monitor the bridge's health in real time.,Industry,https://mx3d.com/industries/design/smart-bridge/,52.3730796,4.8924534
Connector For Takenaka,,Amsterdam,Netherlands,Metal,MX3D,"MX3D produced a Structural Steel Connector in collaboration with Takenaka, showcasing the production of highly customized steel connectors using robotic 3D metal printing.",Industry,https://mx3d.com/industries/construction/connector-for-takenaka/,52.3730796,4.8924534
Knotty Stool,2023,Rotterdam,Netherlands,Plastic,The New Raw,"The Knotty Stool features a digitally woven fabric that enhances its silhouette, suitable for both indoor and outdoor settings. It is stackable and made from recycled plastic, combining modern aesthet",Industry,https://thenewraw.org/knotty-stool#knotty-stool-2,51.9244424,4.47775
Pot Plus,2018,Rotterdam,Netherlands,Plastic,The New Raw,"The Pot Plus series features two organically shaped benches with integrated planter pots, blending softness with functionality to enhance urban spaces with greenery.",Industry,https://thenewraw.org/pot-plus-2,51.9244424,4.47775
Digital Adobe,2017,Barcelona,Spain,Earthen,IAAC,"Innovative research agenda producing architectural solutions with 3D printing and natural materials, focusing on customization and performance.",University,https://iaac.net/project/digital-adobe/,41.3825802,2.177073
3D printed house TECLA,2012,Massa Lombarda,Italy,Clays / ceramics,WASP,Eco-housing project involving 3D printing technology.,Industry,https://www.3dwasp.com/en/3d-printed-house-tecla/,44.447386,11.8260915
A Growing 3D Printed Architecture for Venice Biennale,2025,Massa Lombarda,Italy,Clays / ceramics,WASP,3D printed architecture project for Venice Biennale 2025 using local soil as the construction material.,University,https://www.3dwasp.com/en/a-growing-3d-printed-architecture-from-local-soil-by-mit-architecture-for-venice-biennale-2025/,44.447386,11.8260915
3D printed earthen rest facility for Expo Osaka 2025,2025,Osaka,Japan,Clays / ceramics,WASP,A 3D printed earthen rest facility created for Expo Osaka 2025.,Industry,https://www.3dwasp.com/en/3d-printed-earthen-rest-facility-for-expo-osaka-2025/,34.6937569,135.5014539
3D Printed Earth Forest Campus by IAAC,2023,Massa Lombarda,Italy,Clays / ceramics,WASP,A 3D printed campus made of earth materials.,University,https://www.3dwasp.com/en/3d-printed-earth-forest-campus-by-iaac/,44.447386,11.8260915
TOVA,2022,Massa Lombarda,Italy,Clays / ceramics,WASP,TOVA is Spain's first 3D printed building using raw earth.,Industry,https://www.3dwasp.com/en/tova-3d-printed-building-with-crane-wasp/,44.447386,11.8260915
Living Prototypes,2022,Massa Lombarda,Italy,Clays / ceramics,WASP,"A collaborative European research project focusing on digital fabrication, energy, health, and food sectors.",University,https://www.3dwasp.com/en/living-prototypes/,44.447386,11.8260915
Itaca,2022,Massa Lombarda,Italy,Clays / ceramics,WASP,Itaca is a self-sufficient and eco-sustainable 3D printed house.,Industry,https://www.3dwasp.com/en/itaca-the-self-sufficient-and-eco-sustainable-3d-printed-house/,44.447386,11.8260915
3D printed pop-up store for Dior,2021,Massa Lombarda,Italy,Clays / ceramics,WASP,A 3D printed pop-up store created by WASP for Dior.,Industry,https://www.3dwasp.com/en/3d-printed-pop-up-store-wasp-dior/,44.447386,11.8260915
3D printed earth wall with embedded staircase,2019,Massa Lombarda,Italy,Clays / ceramics,WASP,3D printed earth wall with embedded staircase project by WASP.,Industry,https://www.3dwasp.com/en/3d-printed-wall/,44.447386,11.8260915
Gaia,2018,Massa Lombarda,Italy,Clays / ceramics,WASP,The first 3D printed house using earth as the construction material.,Industry,https://www.3dwasp.com/en/3d-printed-house-gaia/,44.447386,11.8260915
Viaggio a Shamballa,2019,Massa Lombarda,Italy,Clays / ceramics,WASP,3D printing construction project showcasing the capabilities of large-scale Concrete printing technology.,Industry,https://www.3dwasp.com/en/viaggio-a-shamballa/,44.447386,11.8260915
Trabeculae Pavilion,2013,Massa Lombarda,Italy,Clays / ceramics,WASP,Trabeculae Pavilion 3d printed by Delta WASP.,Industry,https://www.3dwasp.com/en/trabeculae-pavilion-3d-printed-by-delta-wasp/,44.447386,11.8260915
3D printed houses,2017,Massa Lombarda,Italy,Clays / ceramics,WASP,3D printed houses for a renewed balance between environment and technology.,Industry,https://www.3dwasp.com/en/3d-printed-houses-for-a-renewed-balance-between-environment-and-technology/,44.447386,11.8260915
Parametric House,2018,Massa Lombarda,Italy,Clays / ceramics,WASP,A project by WASP Hub Venice showcasing the capabilities of 3D printing in construction.,Industry,https://www.3dwasp.com/en/parametric-house-by-wasp-hub-venice/,44.447386,11.8260915
THE CLAY AND STRAW WALL,2016,Massa Lombarda,Italy,Clays / ceramics,WASP,A 3D printed wall made of clay and straw reaching up to 3 meters in height.,Industry,https://www.3dwasp.com/en/il-muro-di-terra-e-paglia-alle-soglie-dei-3-metri/,44.447386,11.8260915
3D PRINTED CONCREATE BEAM,2015,Massa Lombarda,Italy,Clays / ceramics,WASP,3D printed Concrete beam project by WASP.,Industry,https://www.3dwasp.com/en/Concrete-beam-created-with-3d-printing/,44.447386,11.8260915
RESPIRA Climate Shelter,2023,Barcelona,Spain,Earthen,IAAC,"An urban innovation project designed to address public space issues in densely populated cities, focusing on environmental sustainability and resilience against climate change.",University,https://iaac.net/projects/respira-climate-shelter/,41.3825802,2.177073
CO-MIDA,2020,Barcelona,Spain,Earthen,IAAC,A vertical garden system using 3D-printed clay modules to grow plants in urban spaces with limited horizontal space.,University,https://iaac.net/projects/co-mida/,41.3825802,2.177073
Recycled 3D Staircase,2022,Barcelona,Spain,Earthen,IAAC,The project aims to integrate waste in the 3D printing of construction elements using robotic and civil engineering technologies.,University,https://iaac.net/projects/recycled-3d-staircase/,41.3825802,2.177073
CGV: CYBER GREEN VOLTAICS,2018,Barcelona,Spain,Earthen,IAAC,Green wall built in clay with 3D printer that incorporates biophotovoltaic technology,University,https://iaac.net/projects/cgv-cyber-green-voltaics/,41.3825802,2.177073
Digital Adobe,2017,Barcelona,Spain,Earthen,IAAC,"Innovative research agenda producing architectural solutions with 3D printing and natural materials, focusing on customization and performance.",University,https://iaac.net/projects/digital-adobe/,41.3825802,2.177073
Mataerial,,Barcelona,Spain,Earthen,IAAC,"Mataerial is a brand new method of additive manufacturing that allows for creating 3D objects on any working surface, independently of its inclination and smoothness, without the need for additional s",University,https://iaac.net/projects/mataerial/,41.3825802,2.177073
Terraperforma,2017,Barcelona,Spain,Earthen,IAAC,"TerraPerforma focuses on large-scale 3D printing with unfired clay, exploring climatic performative design.",University,https://iaac.net/projects/terraperforma-otf-2016-2017/,41.3825802,2.177073
Pylos,2013,Barcelona,Spain,Earthen,IAAC,"IAAC explores additive manufacturing in architecture on a larger scale, investigating on-site fabrication with natural materials.",University,https://iaac.net/projects/pylos/,41.3825802,2.177073
Fusta Robòtica,2015,Barcelona,Spain,Earthen,IAAC,Fusta Robòtica is a research project that explores the use of Catalan wood in construction through parametric design and robotic fabrication processes.,University,https://iaac.net/projects/fusta-robotica/,41.3825802,2.177073
3D Printed Bridge,2024,Barcelona,Spain,Earthen,IAAC,"A collaboration between IAAC and ACCIONA setting a new standard in sustainable construction, integrating advanced technology and environmental consciousness into the urban landscape.",University,https://iaac.net/projects/3d-printed-bridge-development/,41.3825802,2.177073
DeCO2,2024,Barcelona,Spain,Earthen,IAAC,"DeCO2 aims to create a sustainable and circular future for renovations in Europe by integrating technological, social, and policy innovations in the construction industry.",University,https://iaac.net/projects/deco2/,41.3825802,2.177073
CRAFT EARTH,2024,Barcelona,Spain,Earthen,IAAC,Improving urban-nature transition zones in Barcelona through participatory processes and new urban-ecological elements using local materials and advanced fabrication techniques.,University,https://iaac.net/projects/craft-earth/,41.3825802,2.177073
TEIXIT,2023,Barcelona,Spain,Earthen,IAAC,"TEIXIT is a 3D-printed structure made from local earth, showcasing the potential of earth walls in sustainable architecture. It was built as part of the Postgraduate Programme in 3D Printing Architect",University,https://iaac.net/projects/teixit/,41.3825802,2.177073
3D Printed Apartment Building,2014,Shanghai,China,Concrete,WinSun Decoration Design Engineering Co.,"WinSun 3D printed a 6-story apartment building and a home in Shanghai, leading globally in large-scale 3D printed structures.",Industry,https://3dprint.com/38144/3d-printed-apartment-building/,31.2312707,121.4700152
3D Printed Two-Story House,2016,Beijing,China,Concrete,HuaShang Tengda,"Chinese construction company 3D printed a 400-square-meter, two-story house on-site in just 45 days, challenging traditional construction methods.",Industry,https://3dprint.com/138664/huashang-tengda-3d-print-house/,40.190632,116.412144
3D-printed Concrete bookstore in Wisdom Bay innovation park,2021,Shanghai,China,Concrete,Tsinghua University School of Architecture,"China's first 3D-printed Concrete bookstore in Shanghai, completed in three weeks and set to open to the public at the end of January.",University,https://www.globaltimes.cn/page/202101/1213584.shtml,31.2312707,121.4700152
Additive Manufacturing in Construction (AMC) TRR277,2007,Braunschweig,Germany,Concrete,AMC-TRR277,The project focuses on particle-bed 3D printing by Selective Cement Activation (SCA) to understand material-process interactions.,University,https://amc-trr277.de/projects/project-area-a/focus-area-project-a01/,52.2646577,10.5236066
Additive Manufacturing in Construction (AMC) TRR277,2001,Braunschweig,Germany,Concrete,AMC-TRR277,Additive Manufacturing in Construction project involving Selective Cement Paste Intrusion (SPI) and Wire Arc Additive Manufacturing (WAAM) reinforcement.,University,https://amc-trr277.de/projects/project-area-a/focus-area-project-a02/,52.2646577,10.5236066
Additive Manufacturing in Construction (AMC) TRR277,2020,Braunschweig,Germany,Concrete,AMC-TRR277,Development of a simulation approach for shotcrete 3D printing to predict nozzle performance and jet dynamics based on additive mixing.,University,https://amc-trr277.de/projects/project-area-b/focus-area-b-03/,52.2646577,10.5236066
Additive Manufacturing in Construction (AMC) TRR277,2020,Braunschweig,Germany,Concrete,AMC-TRR277,"The project focuses on developing consistent geometric models and efficient simulation methods for additive manufacturing products in construction, with a special emphasis on validation of techniques.",University,https://amc-trr277.de/projects/project-area-c/focus-area-c-01/,52.2646577,10.5236066
Additive Manufacturing in Construction (AMC) TRR277,2020,Braunschweig,Germany,Concrete,AMC-TRR277,"Project C05 explores robotic manufacturing techniques for connecting precast printed Concrete elements, focusing on structural criteria.",University,https://amc-trr277.de/projects/project-area-c/focus-area-c-05/,52.2646577,10.5236066
Project A 08,2020,Braunschweig,Germany,Concrete,AMC-TRR277,Investigating individual layer fabrication (ILF) process for additive manufacturing of structural elements using wood.,University,https://amc-trr277.de/projects/project-area-a/focus-area-project-a08/,52.2646577,10.5236066
Additive Manufacturing in Construction (AMC) TRR277,2025,Braunschweig,Germany,Concrete,AMC-TRR277,Research and development of Additive Manufacturing in construction using earth-based materials as an alternative to cement-based products to minimize environmental impacts.,University,https://amc-trr277.de/projects/project-area-a/focus-area-project-a10/,52.2646577,10.5236066
Force flow optimised Design through SC3DP,2020,Braunschweig,Germany,Concrete,Technische Universität Braunschweig,"Research project focusing on Shotcrete 3D Printing (SC3DP) strategies, materials, tools, and methods for enhanced material and process control, reinforcement integration, surface quality, and automati",University,https://www.tu-braunschweig.de/ite/research/force-flow-optimised-design-through-sc3dp,52.2646577,10.5236066
Fibre Reinforced 3D Concrete Printing,2020,Braunschweig,Germany,Concrete,Technische Universität Braunschweig,Research project focusing on integrating fibre reinforcement in 3D printing with Concrete to expand applications beyond compression only.,University,https://www.tu-braunschweig.de/ite/research/fibrereinforces3dConcreteprinting,52.2646577,10.5236066
Design Process for AM,2019,Braunschweig,Germany,Concrete,Technische Universität Braunschweig,Research project focusing on the design process for additive manufacturing of precast Concrete components using Wire and Arc Additive Manufacturing (WAAM) technology.,University,https://www.tu-braunschweig.de/ite/research/designprocessforadditivemanufacturing,52.2646577,10.5236066
I3DCP,2019,Braunschweig,Germany,Concrete,Technische Universität Braunschweig,"The I3DCP project focuses on Injection Three-Dimensional Concrete Printing, a novel technology challenging traditional 3D Concrete printing methods by using fluid material.",University,https://www.tu-braunschweig.de/ite/research/i3dcp,52.2646577,10.5236066
Robotic Rammed Earth,2019,Braunschweig,Germany,Earthen,Technische Universität Braunschweig,Robotic fabrication of rammed earth elements using an ancient building technique with modern formwork technology.,University,https://www.tu-braunschweig.de/ite/research/roboticrammedearth,52.2646577,10.5236066
Contour Crafting Building Construction,2000,,,Earthen,CC Corp,"Contour Crafting® offers automated construction of various types of structures, promising to significantly reduce costs and eliminate waste of construction materials. Construction projects will be ext",Industry,https://www.contourcrafting.com/building-construction,34.220389,70.3800314
HivE,2021,,,3d printed,Lithium Designers GmbH,"HivE consists of 138 unique 3D printed topology optimized façade nodes ""N-AM_Li3"" developed using the Li3-Method. It is the first project in Germany and worldwide to feature such nodes.",Industry,https://li3designers.com/update-hive-138-3d-printed-facade-nodes/,34.220389,70.3800314
3D Printed Show Home,2024,,,Concrete,Iconic Construction,Iconic Construction and QOROX collaborated to deliver New Zealand's first 3D printed show home using CyBe technology.,Industry,https://cybe.eu/cases/show-home/,34.220389,70.3800314
SCI Ohio,2024,SCI Ohio,USA,Concrete,Sustainable Concrete Innovations,"SCI Ohio completed their first 1,300-square-foot home, printed with CyBe technology, in just eight days during their training, focusing on affordability, speed, and sustainability.",Industry,https://cybe.eu/cases/sci-ohio/,38.823448,-83.017141
Las Casitas,2023,,,Concrete,Hive3D Builders,"Small rental houses at an event venue in Round Top, Texas, printed using CyBe RC technology for cost-effective and sustainable construction.",Industry,https://cybe.eu/cases/las-casitas/,34.220389,70.3800314
Paremoremo House,2022,Auckland,New Zealand,3d printed construction material,QOROX,"The Paremoremo House in Auckland, New Zealand, is the biggest 3D printed building in the Southern Hemisphere and the region's first fully 3D printed home.",Industry,https://cybe.eu/cases/paremoremo-house/,-36.852095,174.7631803
3D Printed Houses in Florida,2023,Auckland,New Zealand,Concrete,CyBe Construction,"CyBe Construction offers 3D Concrete printing solutions for houses in Florida, with a printing time of 12 days on a 112 sqm area.",Industry,https://cybe.eu/cases/3d-printed-houses-florida/,-36.852095,174.7631803
Huia House,2022,Auckland,New Zealand,Concrete,CyBe Construction,The Huia house in New Zealand is the world's first passive solar house using 3D Concrete printed walls.,Industry,https://cybe.eu/cases/huia-house/,-36.852095,174.7631803
UJ House,2022,Johannesburg,South Africa,Concrete,University of Johannesburg,"South Africa's first 3D printed building, aimed at addressing the housing crisis in the country.",University,https://cybe.eu/cases/uj-house/,-26.205,28.049722
Robust Villa,2021,Auckland,New Zealand,Concrete,CyBe Construction,"The Robust Villa is the first housing design built from the Lyve by Cybe label, addressing Curaçao’s housing shortage crisis.",Industry,https://cybe.eu/cases/robust-villa/,-36.852095,174.7631803
MEET Villa,2019,Sharjah,UAE,Concrete,CyBe Construction,"The MEET Villa is a 3D printed building powered by solar energy, combining modern technologies with Emirati heritage.",University,https://cybe.eu/cases/meet-villa/,25.2311534,54.2190083
3D Housing 05,2018,Milan,Italy,Concrete,CyBe Construction,Prototype home exhibited during Milan 2018 design week showcasing sustainable and affordable housing solutions using 3D printing.,Industry,https://cybe.eu/cases/3d-housing-05/,45.4641943,9.1896346
Toilet Pods,2024,,,Concrete,ChangeMaker 3D,The Toilet Pods project aims to address the shortage of restrooms at British railway stations by providing a sustainable and affordable solution.,Industry,https://cybe.eu/cases/3d-printed-toilet-pod/,34.220389,70.3800314
Creators Forest Lake,2022,Hamilton,Canada,Concrete,CyBe Construction,"Southern Hemisphere's first commercial 3D printed building, serving as an early childhood center in Hamilton, New Zealand.",Industry,https://cybe.eu/cases/creators-forest-lake/,43.2560802,-79.8728583
La Sphère,2020,Auckland,New Zealand,Concrete,CyBe Construction,"La Sphère is a free-standing guardhouse within a social housing district, using one-third less Concrete than traditional methods. It provides security to residents and guarantees a 40% reduction in en",Industry,https://cybe.eu/cases/la-sphere/,-36.852095,174.7631803
Sapporo Park Restrooms,2020,Sapporo,Japan,Concrete,CyBe Construction,Functioning toilet prototypes designed and printed in Japan to create simple sanitation solutions for countries lacking appropriate facilities.,Industry,https://cybe.eu/cases/sapporo-park-restrooms/,43.061936,141.3542924
De Vergaderfabriek,2019,Auckland,New Zealand,Concrete,CyBe Construction,"De Vergaderfabriek, meaning ""The Meeting Factory"" in English, is an iconic and dynamic 3D printed building designed to inspire team collaboration. It was completed in 10 days with reduced emissions an",Industry,https://cybe.eu/cases/de-vergaderfabriek/,-36.852095,174.7631803
R&Drone Laboratory,2017,Dubai,UAE,Concrete,CyBe Construction,"The world's first 3D Concrete printed laboratory in Dubai, housing a research center for drone and 3D printing technologies.",Industry,https://cybe.eu/cases/rdrone-lab/,25.0742823,55.1885387
Low-carbon foundations for Iberdrola energy plant,2021,Helsinki,Finland,3d-printed Concrete,Iberdrola,"Hyperion Robotics manufactured an optimized foundation that uses 75% less material compared to traditionally built Concrete foundations for Iberdrola's energy plant in Helsinki and Lahti, Finland.",Industry,https://www.hyperionrobotics.com/case-study/low-carbon-foundations-for-iberdrola-energy-plant/,60.1674881,24.9427473
Drawpits for Yorkshire Waste Water Plant,2023,Leeds,England,Concrete,Hyperion Robotics,"Hyperion Robotics manufactured optimized foundations using 3D printing technology, reducing material usage by 75% compared to traditional Concrete foundations for Yorkshire Water's sewage treatment wo",Industry,https://www.hyperionrobotics.com/case-study/drawpits-for-yorkshire-waste-water-plant/,53.7974185,-1.5437941
Strongford Wastewater Hub,2024,Leeds,England,Concrete,Hyperion Robotics,"Hyperion Robotics' innovative 3D-printed foundations achieved significant carbon reductions and cost savings, revolutionizing sustainable wastewater infrastructure.",Industry,https://www.hyperionrobotics.com/case-study/strongford-wastewater-hub/,53.7974185,-1.5437941
The Chicon House,2018,Austin,United States,Concrete,ICON,"The Chicon House is the first permitted 3D-printed home in the United States, a 350 sq ft home printed in about 47 hours with 2 bedrooms, 1 bath, and a kitchen area.",Industry,https://www.iconbuild.com/projects/chicon-house,30.2711286,-97.7436995
Initiative 99 Phase II Winners,2024,Austin,United States,Concrete,ICON,Winners of a global architecture competition to design affordable homes using 3D-printed construction technology.,Industry,https://iconbuild.com/initiative-99,30.2711286,-97.7436995
Project Olympus,2023,Austin,United States,Concrete,ICON,Research and development of space-based construction systems to support future exploration of the Moon and beyond.,Industry,https://www.iconbuild.com/projects/project-olympus,30.2711286,-97.7436995
El Cosmico,2023,Austin,United States,Concrete,ICON,"Expansion of El Cosmico in Marfa, TX to feature housing, hospitality amenities, and the first 3D-printed hotel.",Industry,https://www.iconbuild.com/projects/el-cosmico,30.2711286,-97.7436995
East 17th Street Residences,2021,Austin,USA,Concrete,ICON,"Multi-home mainstream housing development leveraging ICON’s proprietary 3D printing technology to construct safer, more resilient homes in East Austin.",Industry,https://www.iconbuild.com/projects/east-17th-street-residences,30.2711286,-97.7436995
House Zero,2022,Austin,United States,Concrete,ICON,"House Zero is a 3D-printed home in East Austin, featuring ICON's resilient 3D-printed wall system, saving time, waste, and cost.",Industry,https://www.iconbuild.com/projects/house-zero,30.2711286,-97.7436995
The Genesis Collection at Wolf Ranch,2022,Georgetown,USA,Plastic,"ICON, Lennar, BIG-Bjarke Ingels Group, Hillwood Communities","A modern community of high-performance homes with rooftop solar panels, located in the Texas Hill Country alongside the San Gabriel River.",Industry,https://www.iconbuild.com/projects/the-genesis-collection-at-wolf-ranch,30.6370152,-97.6775634
3D-printed Barracks at Camp Swift,2021,Austin,United States,Concrete,ICON,"The 3,844-sq.-ft., energy-efficient building can house up to 72 soldiers during training missions. In 2021, the Texas Military Department (TMD) partnered with ICON to design and 3D print an innovative",Industry,https://www.iconbuild.com/projects/3d-printed-barracks-at-camp-swift,30.2711286,-97.7436995
Mars Dune Alpha,2021,Houston,USA,Concrete,ICON,"ICON, in collaboration with Jacobs and NASA, built a 1,700 square-foot 3D-printed habitat called Mars Dune Alpha at NASA's Johnson Space Center for long-duration science missions.",Industry,https://www.iconbuild.com/projects/mars-dune-alpha,29.7589382,-95.3676974
"3D-printed Homes in Nacajuca, Mexico with New Story",2019,Nacajuca,Mexico,Plastic,New Story,"3D-printed homes developed for housing nonprofit New Story, granted to local families in extreme poverty in Tabasco, Mexico.",Industry,https://www.iconbuild.com/projects/3d-printed-homes-in-nacajuca-mexico-with-new-story,18.1783621,-92.9551532
Community First! Village,2020,Austin,United States,Concrete,ICON,"ICON 3D printed a 'Welcome Center' and three homes at a time for a series of six homes for residents of the Community First! Village, providing affordable, permanent housing for people who have experi",Industry,https://www.iconbuild.com/projects/community-first-village,30.2711286,-97.7436995
USMC Vehicle Hide Structure at Camp Pendleton,2020,Austin,United States,Concrete,ICON,"ICON prototyped a vehicle hide structure with the USMC for military use, providing rapid construction capabilities. The structure was printed in 36 hours and Marines were trained on operating ICON's t",Industry,https://www.iconbuild.com/projects/usmc-vehicle-hide-structure-at-camp-pendleton,30.2711286,-97.7436995
Diamanti Bridge,2025,Eindhoven,Netherlands,Concrete,Vertico,"Diamanti Bridge is a 3D printed modular Concrete funicular structure showcased at the 2025 Venice Biennale as part of the Time, Space, Existence exhibition.",University,https://www.vertico.com/projects/diamanti-bridge,51.4392648,5.478633
Aevum,2025,Milan,Italy,Concrete,Zaha Hadid Architects,"Aevum is a collaborative installation between Zaha Hadid Architects and Vertico, featuring a traditional marble arch alongside a modern 3D printed Concrete arch, symbolizing the fusion of historical c",Industry,https://www.vertico.com/projects/aevum,45.4641943,9.1896346
Duality Column,2025,Eindhoven,Netherlands,Concrete,Eindhoven University of Technology,Modular 3D Printed Concrete Installation at Venice Biennale,University,https://www.vertico.com/projects/modular-column,51.4392648,5.478633
Futuristic Concrete Lamp,2025,Eindhoven,Netherlands,Concrete,Vertico,"Parametric 3D printed lamp exploring Concrete product design, inspired by natural forms and creating intricate shadows.",Industry,https://www.vertico.com/projects/futuristic-Concrete-lamp,51.4392648,5.478633
3D Printed Concrete Wall,2024,,,Concrete,IOUS Studio,"This 3D-printed Concrete wall pushes the boundaries of architectural design with its curvature, pattern, and depth, made possible by digital fabrication and parametric modeling.",Industry,https://www.vertico.com/projects/Concrete-wall,34.220389,70.3800314
Bioreceptive Wall,2024,Eindhoven,Netherlands,Concrete,Vertico,"Sustainable Concrete wall designed to support moss growth, acting as a natural cooling layer and blending architectural Concrete with ecology.",Industry,https://www.vertico.com/projects/bioreceptive-wall,51.4392648,5.478633
Stackable Column DDW 2024,2024,Eindhoven,Netherlands,Concrete,Eindhoven University of Technology,"Modular 3D-printed column for Dutch Design Week 2024, merging historical influences with modern computational design.",University,https://www.vertico.com/projects/stackable-column-ddw-2024,51.4392648,5.478633
Artistic and Structural 3D-Printed Columns,2024,Liverpool,United Kingdom,Concrete,Vertico,"Vertico specializes in 3D Concrete printing of structural columns that blend intricate, modern designs with robust load-bearing capabilities.",Industry,https://www.vertico.com/projects/structural-columns,53.4071991,-2.99168
Automated Manhole Flow Profiles,2024,Eindhoven,Netherlands,Concrete,Vertico,"Robotic 3D Concrete printing for custom manhole profiles, making the process safer, faster, and more efficient.",Industry,https://www.vertico.com/projects/manhole-solution,51.4392648,5.478633
Printing on Frame,2023,,,Concrete,VolkerWessels,"A breakthrough in 3D Concrete design by printing directly onto existing wire frame structures, saving material and reimagining Concrete behavior in architecture.",Industry,https://www.vertico.com/projects/printing-on-frame,34.220389,70.3800314
Hexastone Pavilion,2022,Lübeck,Germany,Concrete,"Technische Hochschule Lübeck, Vertico, Sika",3D-printed hexastone pavilion combining traditional architectural principles with cutting-edge technology for structural efficiency.,University,https://www.vertico.com/projects/hexastone,53.866444,10.684738
3D-Printed Sand Mould Facades for TU Eindhoven,2023,Eindhoven,Netherlands,sand,Technical University of Eindhoven,"Design, research, and innovation converge in this groundbreaking project with the Technical University of Eindhoven, exploring new frontiers in 3D Concrete printing to create unique facade panels.",University,https://www.vertico.com/projects/sand-mould-facades,51.4392648,5.478633
Optimized Foundation,2023,Eindhoven,Netherlands,Concrete,Vertico,"Sustainable foundation design using 3D printed Concrete blocks, reducing weight, waste, and complexity by digitally optimizing material usage.",Industry,https://www.vertico.com/projects/optimized-foundation,51.4392648,5.478633
Sandbox Bench in Delft,2024,Eindhoven,Netherlands,Concrete,Vertico,"A 3D printed Concrete curved bench, over 20 meters long, designed for a water/sand play pit for toddlers in Tanthof, Delft.",Industry,https://www.vertico.com/projects/sandbox-bench-in-delft,51.4392648,5.478633
Color Concrete Printing Innovation: Gradient Columns,2024,Eindhoven,Netherlands,Concrete,Vertico,"Exploring color integration in 3D Concrete printing to create gradient columns, showcasing precision fabrication through color.",Industry,https://www.vertico.com/projects/printing-with-color,51.4392648,5.478633
3D-Printed Concrete Speakers,2024,Eindhoven,Netherlands,Concrete,Vertico,"The world's first 3D printed Concrete speakers, showcasing innovative design and craftsmanship while ensuring clear and resonant audio quality.",Industry,https://www.vertico.com/projects/speakers,51.4392648,5.478633
Office Space Design,2024,Eindhoven,Netherlands,Concrete,Vertico,"Innovative 3D-printed office space design for Heilijgers, showcasing parametric design and advanced Concrete printing technology.",Industry,https://www.vertico.com/projects/office-space-design,51.4392648,5.478633
ExoGarden,2023,Eindhoven,Netherlands,Concrete,Vertico,"ExoGarden is an innovative system for space farming, designed for efficient shelter and food production with minimal environmental impact.",Industry,https://www.vertico.com/projects/bad-awards-2024,51.4392648,5.478633
Ergonomic 3D-Printed Concrete Lounge Chair,2023,Eindhoven,Netherlands,Concrete,Vertico,"3D-printed lounge chair combining comfort and design, featuring minimalist aesthetic, earthy color palette, and functional comfort.",Industry,https://www.vertico.com/projects/lounge-chair,51.4392648,5.478633
Bench 'Beauty of Line and Grace',2022,Eindhoven,Netherlands,Concrete,Vertico,"Collaboration between Vertico, designers Kiki Van Eijk and Joost Van Bleiswijk, and construction company Heilijgers to create a unique bench inspired by William Hogarth's concept of the ""line of beaut",Industry,https://www.vertico.com/projects/bench-beauty-of-line-and-grace,51.4392648,5.478633
Concrete Canoe 2023,2023,Eindhoven,Netherlands,Concrete,Vertico,"Vertico introduced their fourth 3D-printed canoe for the annual Concrete canoe race, showcasing innovation and technical progress with a non-planar printing technique and color pigment incorporation.",Industry,https://www.vertico.com/projects/Concrete-canoe-2023,51.4392648,5.478633
3D-Printed Concrete Canoe,2022,Eindhoven,Netherlands,Concrete,Vertico,"In 2022, Vertico 3D printed a 4-meter-long Concrete canoe without any support material, showcasing their innovative approach to Concrete printing technology.",Industry,https://www.vertico.com/projects/Concrete-canoe-2022,51.4392648,5.478633
Hanging Gardens of Wansum,2022,Eindhoven,Netherlands,Concrete,Vertico,"Sustainable 3D-Printed Hanging Gardens project inspired by the legend of the hanging gardens, blending 3D printing with urban greenery.",Industry,https://www.vertico.com/projects/hanging-gardens-of-wansum,51.4392648,5.478633
Non Planar Firepit,2024,Eindhoven,Netherlands,Concrete,Vertico,"The non-planar firepit showcases the seamless blend of artistry and functionality achieved through 3D Concrete printing, offering a modern design statement and a durable, functional structure.",Industry,https://www.vertico.com/projects/non-planar-firepit,51.4392648,5.478633
Voronoi Wall,2018,Enschede,Netherlands,Concrete,"Saxion Industrial Design Research Group, De Witte van der Heijden Architecten, Vertico Large Scale 3D printing, Trebbe","The first 3D Concrete printed structure in Twente, created for the interior garden of Stepping Stones' building.",University,https://www.vertico.com/projects/voronoi-wall,52.2209855,6.8940537
Printing on Mars,2023,Delft,Netherlands,Concrete,The Technical University Delft (TU Delft),3D Concrete Printing for Martian Exploration project aims to print future underground habitats on Mars using cutting-edge technology to create radiation-safe and thermally insulated structures.,University,https://www.vertico.com/projects/printing-on-mars,52.0114017,4.35839
Water Playground,2025,Eindhoven,Netherlands,Concrete,Vertico,"Vertico completed a water feature project for the Lankheet Estate, creating a scale model of innovative irrigation methods for visitors to learn and simulate traditional water management techniques.",Industry,https://www.vertico.com/projects/water-playground,51.4392648,5.478633
3D-Printed Renewable Energy Storage Systems,2022,Eindhoven,Netherlands,Concrete,Vertico,"Vertico is transforming the landscape of renewable energy storage with innovative 3D Concrete printing techniques, enhancing performance, scalability, and efficiency of energy storage infrastructure.",Industry,https://www.vertico.com/projects/3dcp-renewable-energy-storage-systems,51.4392648,5.478633
Microbiocene art,2024,Eindhoven,Netherlands,Concrete,Vertico,"The Microbiocene art project explores the intersection of art, biology, and architecture through groundbreaking 3D-printed sculptures inspired by natural growth patterns.",Industry,https://www.vertico.com/projects/microbiocene-art,51.4392648,5.478633
3D-Printed Foundations for Floating Wind Turbines,,Eindhoven,Netherlands,Concrete,Vertico,"Transforming floating wind turbines with 3D Concrete printing, showcasing its value in renewable energy infrastructure.",Industry,https://www.vertico.com/projects/floating-wind-turbines,51.4392648,5.478633
Concrete Canoe 2018,2018,Eindhoven,Netherlands,Concrete,Vertico,"The 2018 Concrete Canoe project by Vertico showcased innovative 3D Concrete printing techniques in creating a canoe using sand molds. The project involved careful design, engineering, and successful f",Industry,https://www.vertico.com/projects/Concrete-canoe-2018,51.4392648,5.478633
Concrete Canoe 2019,2019,Eindhoven,Netherlands,Concrete,Vertico,"The 2019 Concrete Canoe project showcased advancements in 3D Concrete printing technology, resulting in a lightweight and efficient structure for a competitive race.",Industry,https://www.vertico.com/projects/Concrete-canoe-2019,51.4392648,5.478633
Topology Optimised Bridge,2025,Ghent,Belgium,Concrete,University of Ghent,"Collaboration with University of Ghent and Technion Israel Institute of Technology to develop a topology-optimized pedestrian bridge, prioritizing structural efficiency and material reduction.",University,https://www.vertico.com/projects/topology-optimised-bridge,51.0538286,3.7250121
Deciduous - 3D Printed Pavilion,2019,New York,USA,3d printed,MEAN*PROJECTS,"A 3D printed pavilion located in Dubai, showcasing innovative construction techniques and design.",Industry,https://www.m-e-a-n.design/projects/deciduous-3d-printed-pavilion,40.7127281,-74.0060152
Expo 2020 Boulevard Roundabout Pavilion,2019,New York,USA,3d printed,MEAN*PROJECTS,Pavilion constructed using 3D printing technology for Expo 2020 in Dubai.,Industry,https://www.m-e-a-n.design/projects/expo-2020-boulevard-roundabout-pavilion,40.7127281,-74.0060152
RTA 3D Printed Bus Stop,2023,New York,USA,3d printed,MEAN*PROJECTS,A 3D printed bus stop constructed in Dubai in 2023.,Industry,https://www.m-e-a-n.design/projects/sadaf-rta-3d-printed-bus-stop,40.7127281,-74.0060152
Double Curved 3D Concrete Printing,2016,,,Concrete,4TU.Built Environment,Innovative project using 3D printing technology to create double curved Concrete structures.,University,https://www.4tu.nl/bouw/en/LHP2016/Double%20Curved%203D%20Concrete%20Printing/,34.220389,70.3800314
Three-dimensional printing of transparent fused silica glass,2017,Stuttgart,Germany,fused silica glass,University of Stuttgart,"The project involves the 3D printing of transparent fused silica glass, a breakthrough in glass manufacturing technology.",University,https://www.nature.com/nature/journal/v544/n7650/pdf/nature22061.pdf,48.7784485,9.1800132
Shed,,Oakland,USA,cement and salt,Emerging Objects,"Shed is a small 3D printed prototype building constructed with Picoroco Blocks™ printed in cement and salt materials, with Hive Blocks™ adapted for vegetation growth on the facade and roof.",Industry,http://www.emergingobjects.com/project/shed/,37.8044557,-122.271356
Drum,,Oakland,USA,cement and salt,Emerging Objects,"Drum is a study in large-scale lightweight 3D printing with cement material, featuring a simple connection system holding thin cement panels in compression in a spiral form cantilever from a central f",Industry,http://www.emergingobjects.com/project/drum/,37.8044557,-122.271356
GEOtube Tower,2013,Dubai,UAE,cement and salt,Emerging Objects,"Scale model for a Vertical Salt Deposit Growth System for Dubai, with modular components fabricated using unique translucent Salt material.",Industry,http://www.emergingobjects.com/project/geotube-tower/,25.0742823,55.1885387
3D Printed House 1.0,2013,Beijing,China,cement and salt,Emerging Objects,"A case study in 3D printing major components of a house for Jin Hai Lake Resort Beijing, integrating traditional construction methods with 3D printing using renewable materials.",Industry,http://www.emergingobjects.com/project/3d-printed-house-1-0/,40.190632,116.412144
Involute Wall,,Oakland,USA,cement and salt,Emerging Objects,"The Involute Wall is a prototype for thermal mass and acoustic dampening in a massive 3D printed sand structure, designed to reduce resonance in a room and serve as thermal mass in hot climates.",Industry,http://www.emergingobjects.com/project/involute-wall/,37.8044557,-122.271356
Picoroco Block™ in Sand,,Oakland,USA,cement and salt,Emerging Objects,"The Picoroco Block™ is a modular 3D printed building block for wall fabrication printed from sand, with each block being 12″X12″X12″ and dimensional variability possible using the 3D printing process.",Industry,http://www.emergingobjects.com/project/picoroco-block-in-sand/,37.8044557,-122.271356
Quake Column,,Oakland,USA,cement and salt,Emerging Objects,3D printing building components for seismically resistant structures using masonry principles inspired by traditional Incan ashlar techniques.,Industry,http://www.emergingobjects.com/project/quake-column/,37.8044557,-122.271356
Seed Stitch,2016,Oakland,USA,cement and salt,Emerging Objects,"The Seed Stitch Wall is a prototype for a 3D printed ceramic wall cladding system that explores mass complexity and the influence of hand, gravity, temperature, and machine printing on unstable shapes",Industry,http://www.emergingobjects.com/project/seed-stitch/,37.8044557,-122.271356
Star Lounge,2014,Oakland,USA,cement and salt,Emerging Objects,"Star Lounge is one of the largest PLA based 3D printed structures built to date, showcasing the architectural potential of 3D printing.",Industry,http://www.emergingobjects.com/project/star-lounge/,37.8044557,-122.271356
United States Marine Corps and ICON 3D Print Structure at Camp Pendleton,2020,Austin,USA,Concrete,ICON,Multi-story Robotic Construction System used to 3D print structures at Camp Pendleton for the United States Marine Corps.,Industry,https://www.iconbuild.com/updates/united-states-marine-corps-and-icon-3d-print-structure-at-camp-pendleton,30.2711286,-97.7436995
Development of a viable Concrete printing process,2012,Austin,USA,Concrete,Loughborough University,"A novel Concrete printing process developed with the potential to produce highly customized building components, integrating engineering function and environmental adaptation.",University,https://dspace.lboro.ac.uk/dspace-jspui/handle/2134/9331,30.2711286,-97.7436995
Developments in construction-scale additive manufacturing processes,2011,Austin,USA,Concrete,Loughborough University,"The project discusses large-scale additive manufacturing processes applied in construction, focusing on 'Concrete Printing', an automated extrusion-based process for architectural components.",University,https://dspace.lboro.ac.uk/dspace-jspui/handle/2134/9176,30.2711286,-97.7436995
Freeform construction: mega-scale rapid manufacturing for construction,2012,Loughborough,United Kingdom,Concrete,Loughborough University,The project explores the use of automation technology and processes control from automotive and aerospace industries in construction to address issues such as health and safety and traditional procure,University,https://dspace.lboro.ac.uk/2134/9925,52.7723859,-1.2077985
A 3D printed installation with bioplastics,2020,Massa Lombarda,Italy,Clays / ceramics,WASP,A 3D printed installation using bioplastics by WASP.,Industry,https://www.3dwasp.com/en/a-3d-printed-installation-with-bioplastics/,44.447386,11.8260915
3D Printed Bridge,2024,Barcelona,Spain,Earthen,IAAC,"A collaboration between IAAC and ACCIONA setting a new standard in sustainable construction, integrating advanced technology and environmental consciousness into the urban landscape.",University,https://iaac.net/project/3d-printed-bridge/,41.3825802,2.177073
Lewis Grand Hotel 3D Printing Project,2015,Angeles City,Philippines,Plastic,Lewis Grand Hotel,Lewis Grand Hotel erected the world's first 3D printed hotel and plans to print thousands of homes in the Philippines next.,Industry,https://3dprint.com/94558/3d-printed-hotel-lewis-grand/,15.1389351,120.5875321
Aguahoja,2023,Cambridge,USA,programmable water-based biocomposites,MIT Media Lab,"Aguahoja is an exploration of nature's design space, using natural artifacts digitally designed and robotically fabricated from molecular components found in tree branches, insect exoskeletons, and bo",University,https://www.media.mit.edu/projects/aguahoja/overview/,42.3656347,-71.1040018
FIBERBOTS,2019,Cambridge,USA,Composite,MIT Media Lab,FIBERBOTS is a digital fabrication platform combining robotic manufacturing with sophisticated material architectures for large-scale structures.,University,https://www.media.mit.edu/projects/fiberbots/overview/,42.3656347,-71.1040018
Hybrid Living Fibers,2021,Cambridge,USA,Composite,MIT Media Lab,The project focused on encapsulating living and bio-active agents within fiber-based constructs to leverage fiber structures for biological agent survivability and functional properties of living syst,University,https://www.media.mit.edu/projects/hybrid-living-fibers/overview/,42.3656347,-71.1040018
Hybrid Living Materials,2021,Cambridge,USA,living and non-living materials,MIT Media Lab,Hybrid Living Materials (HLMs) combine living and non-living materials to achieve programmable control of gene expression on 3D printed objects.,University,https://www.media.mit.edu/projects/hybrid-living-materials/overview/,42.3656347,-71.1040018
Making Data Matter: Voxel-printing for the digital fabrication of data across scales and domains,2018,Cambridge,USA,multimaterial,MIT Media Lab,This project enabled the physical visualization of data sets commonly associated with scientific imaging using voxel-printing.,University,https://www.media.mit.edu/projects/making-data-matter/overview/,42.3656347,-71.1040018
Digital Construction Environment,2018,Cambridge,USA,Metal,MIT Media Lab,"The Digital Construction Environment project involved the fabrication of an open-domed structure using the Digital Construction Platform, with a diameter of 14.6m and a height of 3.7m.",University,https://www.media.mit.edu/projects/3d-printed-hemi-ellipsoidal-dome/overview/,42.3656347,-71.1040018
Iass2015 Final Slampaper.Pdf,1991,,,Earthen,Digitalstructures,,,http://digitalstructures.mit.edu/files/2015-07/iass2015-final-slampaper.pdf,34.220389,70.3800314
Water-Based Additive Manufacturing,2019,Cambridge,USA,biodegradable hydrogel composites,MIT Media Lab,Water-Based Additive Manufacturing was active from January 2014 to May 2019. This research presents water-based robotic fabrication as a design approach and enabling technology for additive manufactur,University,https://www.media.mit.edu/projects/water-based-additive-manufacturing/overview/,42.3656347,-71.1040018
RMIT Brunswick Campus Building 515 Refurbishment,2020,Melbourne,Australia,3d printed polymer walls,RMIT University,"Refurbishment project integrating studio, maker-space, and workshops for Product Design, Fashion and Textiles, and Industrial Design students.",University,https://www.rolandsnooks.com/#/nine-elms-centre-pompidou/,-37.8142454,144.9631732
RMIT Building 515 Refurbishment,2020,Melbourne,Australia,3d printed polymer walls,RMIT University,"Refurbishment of Building 515 on the Brunswick campus to co-locate Product Design, Fashion and Textiles, and Industrial Design students in an innovative teaching and research space.",University,http://www.rolandsnooks.com/#/mada-sensilab-1/,-37.8142454,144.9631732
RMIT Building 515 Refurbishment,2020,Melbourne,Australia,3d printed polymer walls,RMIT University,"Refurbishment of Building 515 on the Brunswick campus to co-locate Product Design, Fashion and Textiles, and Industrial Design students in an innovative teaching and research space.",University,http://www.rolandsnooks.com/#/monash-sensilab/,-37.8142454,144.9631732
RMIT Building 515 Refurbishment,2020,Melbourne,Australia,3d printed polymer walls,RMIT University,"Refurbishment of Building 515 on the Brunswick campus to co-locate Product Design, Fashion and Textiles, and Industrial Design students in an innovative teaching and research space with 3D printed pol",University,http://www.rolandsnooks.com/#/sensilab-studio/,-37.8142454,144.9631732
3D Printing for Sustainable Living,2018,Massa Lombarda,Italy,Clays / ceramics,WASP,"3D Printing for Sustainable Living project by WASP focuses on digital fabrication, energy, health, and food sectors for sustainable living.",Industry,https://www.3dwasp.com/en/3d-printing-for-sustainable-living/,44.447386,11.8260915
3D Printed Concrete Bridge,2016,Munich,Germany,Concrete,Technical University of Munich,A 3D printed Concrete bridge showcasing the potential of additive manufacturing in construction.,University,https://mediatum.ub.tum.de/doc/1355422/1355422.pdf,48.1371079,11.5753822
YHNOVA House,2018,Nantes,France,Metal,"University of Nantes, Nantes Métropole, Nantes Métropole Habitat",A five-room house named YHNOVA was 3D printed in just a few days using industrial 3D printing technology.,University,https://3dprint.com/207936/3d-printed-yhnova-house-done/,47.2186371,-1.5541362
,,,,unknown,3dpriyol,,,http://3dpriyol.com/,34.220389,70.3800314
Bespoke Ceramics for Expressive Architecture,2023,Rotterdam,Netherlands,ceramics,Studio RAP,Studio RAP designed bespoke ceramics using ceramic printing and innovative design strategy for expressive architecture.,Industry,https://studiorap.nl/#/poortmeesters,51.9244424,4.47775
Ceramic Printing for Expressive Architecture,2023,Rotterdam,Netherlands,ceramics,Studio RAP,"Studio RAP designs bespoke ceramics for expressive architecture, changing the standard with ceramic printing and innovative design strategy.",Industry,https://studiorap.nl/#/abri,51.9244424,4.47775
3D Printed House in Shandong Province,2016,Binzhou City,China,Concrete,3dprint,"A 3D printed house built in Binzhou City, Shandong Province, China, in just two months using Concrete, showcasing cost-effectiveness and environmental friendliness.",Industry,https://3dprint.com/148637/3d-printed-house-shandong/,23.2203973,108.8061526
3D printed footbridge in Shanghai,2019,Shanghai,China,Plastic,Polymaker,"A 15-meter-long 3D printed footbridge, the first of its kind in China, was inaugurated in Shanghai through a collaboration between Polymaker and the Shanghai Construction Group.",Industry,https://www.3dprintingmedia.network/3d-printed-footbridge-shanghai/,31.2312707,121.4700152
3D Printed Bridges in China,2017,Shanghai,China,plastic,Tongji University,"Tongji University in Shanghai created the first 3D printed pedestrian bridges in China, measuring 11 meters and 4 meters long.",University,https://www.3dnatives.com/en/china-3d-printed-bridge310720174/#!,31.2312707,121.4700152
Winsun 3D Printing Construction Project,2016,Shanghai,China,"various (grg, src, frp, 3d printed stone)",Winsun 3D Printing Construction Technology,"Winsun is the world's first high-tech company to achieve 3D-printing architecture, focusing on research, design, production, and sales of 3D printed buildings and materials.",Industry,http://www.winsun3d.com/index.php?siteid=3,31.2312707,121.4700152
BE3DP,2023,Hamilton,Canada,Plastic,BPD Gebiedsontwikkeling,Collaboration with Safe Water Garden to integrate waste-water management systems into housing projects in Indonesia.,Industry,https://hamiltonlabs.co/events-%26-photo-gallery,43.2560802,-79.8728583
FreeFAB,2017,,,wax,Laing O'Rourke,FreeFAB™ Wax is a construction scale 3D printing technology that allows complex Concrete building components and prototypes to be designed & developed more cost effectively and with shorter lead times,Industry,http://www.freefab.com/,34.220389,70.3800314
Freeform 3D Printed Building Facades,2017,Chattanooga,USA,Plastic,BRANCH TECHNOLOGY,"BRANCH TECHNOLOGY combines additive manufacturing, prefabrication, and digital technology at construction scale to enable complex design structures previously thought impossible using traditional meth",Industry,https://www.branch.technology/projects-1/2017/6/9/shop,35.0457219,-85.3094883
Freeform 3D Printed Building Facades,2017,Chattanooga,USA,Plastic,BRANCH TECHNOLOGY,"BRANCH TECHNOLOGY combines additive manufacturing, prefabrication, and digital technology at construction scale to enable architects, designers, and innovators to construct complex design structures p",Industry,https://www.branch.technology/projects-1/2017/6/9/x8cgi57ivcvq8nm388auq89ot7924a,35.0457219,-85.3094883
Freeform 3D Printed Building Facades,2019,Chattanooga,USA,Plastic,BRANCH TECHNOLOGY,"BRANCH TECHNOLOGY utilized patented 3D-printed fabrication technology to create freeform building facades, revolutionizing spatial design possibilities in construction.",Industry,https://www.branch.technology/projects-1/2019/durham,35.0457219,-85.3094883
Freeform 3D Printed Building Facades,2019,Chattanooga,USA,Plastic,BRANCH TECHNOLOGY,"BRANCH TECHNOLOGY combines additive manufacturing, prefabrication, and digital technology at construction scale to enable complex design structures previously thought impossible using traditional meth",Industry,https://www.branch.technology/projects-1/2019/2/20/erlanger-childrens-hospital,35.0457219,-85.3094883
Freeform 3D Printed Building Facades,2017,Chattanooga,USA,Plastic,BRANCH TECHNOLOGY,"BRANCH TECHNOLOGY combines additive manufacturing, prefabrication, and digital technology at construction scale to enable architects and designers to construct complex design structures previously tho",Industry,https://www.branch.technology/projects-1/2017/6/9/03ql2cdrn68r86l3whatjw5ucl9dlu,35.0457219,-85.3094883
Freeform 3D Printed Building Facades,2017,Chattanooga,USA,Plastic,BRANCH TECHNOLOGY,"BRANCH TECHNOLOGY combines additive manufacturing, prefabrication, and digital technology at construction scale to enable architects and designers to construct complex design structures previously tho",Industry,https://www.branch.technology/projects-1/2017/6/9/moda-sculpture,35.0457219,-85.3094883
Freeform 3D Printed Building Facades,2018,Chattanooga,USA,Plastic,BRANCH TECHNOLOGY,"BRANCH TECHNOLOGY combines additive manufacturing, prefabrication, and digital technology at construction scale to enable architects and designers to construct complex design structures previously tho",Industry,https://www.branch.technology/projects-1/2018/11/8/one-city-pavilion,35.0457219,-85.3094883
Vesta 3D Printed Tiny House,2016,,,Concrete,Vesta,"A livable tiny house built in only 24 hours using the Vesta V2 Concrete Printer, catering to the tiny house movement in the United States.",Industry,https://3dprint.com/139022/vesta-3d-printed-tiny-house/,34.220389,70.3800314
Printing Homes for the Homeless in Austin,2020,Austin,USA,Concrete,ICON,ICON used their multi-story Robotic Construction System to build new homes for the homeless in Austin's Mueller Community.,Industry,https://www.iconbuild.com/updates/printing-homes-for-the-homeless-in-austin,30.2711286,-97.7436995
ICON 3D Printed Home,2018,Austin,USA,Concrete,ICON,ICON unveiled the first permitted 3D printed home using their multi-story Robotic Construction System.,Industry,https://www.iconbuild.com/updates/new-story-and-icon-unveil-the-first-permitted-3d-printed-home,30.2711286,-97.7436995
Custom Design Projects,,Rotterdam,Netherlands,Plastic,The New Raw,"The New Raw engages in custom design projects, creating sustainable furniture for indoor and outdoor spaces using robotic 3D printing and recycled plastic.",Industry,https://thenewraw.org/Work,51.9244424,4.47775
New 3D Printing Cement Developed by Japanese Leaders Taisei & Taiheiyo,2020,Tokyo,Japan,Concrete,Taisei,Development of new 3D printing cement for construction applications.,Industry,https://3dprint.com/269672/strides-construction-3d-printing-taisei-taiheiyo-cement-build-digimix-cement-t-3dp/,35.6768601,139.7638947
India's First 3D-Printed Building,2024,Abu Dhabi,UAE,indigenous construction materials,L&T Construction,L&T Construction successfully 3D-printed a 700 sq feet building ground plus first floor with reinforcement for the first time in India.,Industry,https://www.indiatimes.com/news/india/this-is-indias-first-3d-printed-building-made-using-indigenous-construction-materials-530528.html,24.4538352,54.3774014
3D Printed Residential House,2017,Copenhagen,Denmark,Metal,Group of Russian Machining,Group of Russian machining and 3D printing companies constructed a 3D printed residential house in just 24 hours.,Industry,https://3dprint.com/192043/3d-printed-residential-home-russia/,55.6867243,12.5700724
3D Printed Reinforced Beam,2017,Zurich,Switzerland,Composite,ETH Zurich,"The 3D Printed Reinforced Beam is part of ongoing research into 3D printed, structural building components. Cantilevering beams up to 4.5 meters long are fabricated using binder-jetting technology.",University,http://dbt.arch.ethz.ch/project/3d-printed-reinforced-beam/,47.3744489,8.5410422
3D-Printed Concrete Columns,,Zurich,Switzerland,Composite,ETH Zurich,ETH Zurich developed 3D-printed Concrete columns.,University,http://dbt.arch.ethz.ch/media-feature/eth-zurich-develops-3d-printed-Concrete-columns/,47.3744489,8.5410422
Robotic 3D Printing of Concrete Structures,2018,Zurich,Switzerland,Concrete,Block Research Group,This project focused on using robotic 3D printing technology to construct Concrete structures.,University,https://block.arch.ethz.ch/brg/publications/667,47.3744489,8.5410422
Glass 3D Printing,2019,Zurich,Switzerland,Composite,ETH Zurich,ETH researchers used a 3D printing process to produce complex and highly porous glass objects using a special resin that can be cured with UV light.,University,https://ethz.ch/en/news-and-events/eth-news/news/2019/11/glass-from-a-3d-printer.html,47.3744489,8.5410422
The Smart Slab,2016,Duebendorf,Switzerland,Concrete,EMPA,The Smart Slab enhances the structural properties of Concrete with a radical new aesthetic using 3D-printed formwork.,University,http://dbt.arch.ethz.ch/project/smart-slab/,47.3969942,8.6185666
Arabesque Wall,2015,Toronto,Canada,3d printed sandstone,Benjamin Dillenburger,"The Arabesque Wall is a massive 3D printed wall with ornamental details down to the scale of millimeters, playing with the tradition of arabesque ornaments.",Industry,https://benjamin-dillenburger.com/arabesque-wall/,43.6534817,-79.3839347
Grotes-Qdigital,2024,,,unknown,Digital Grotesque,Blog about making architecture in 3D,Industry,http://digital-grotesque.com/,34.220389,70.3800314
Acadia18_312.Pdf,1992,,,Earthen,Papers,,,http://papers.cumincad.org/data/works/att/acadia18_312.pdf,34.220389,70.3800314
Arabesque Wall,2015,,,3d-printed material,Michael Hansmeyer,"Arabesque Wall is a massive 3D-printed wall with ornamental details at the scale of millimeters, playing with the tradition of arabesque ornaments by creating intricate constellations that are both fi",University,http://www.michael-hansmeyer.com/arabesque-wall,34.220389,70.3800314
Gwangju Gazebo,2017,Gwangju,South Korea,3d-printed material,Michael Hansmeyer,"The Gwangju Gazebo project explores the relationship between a building's core and its envelope, inspired by Gottfried Semper's Bekleidungstheorie (principle of clothing).",University,http://www.michael-hansmeyer.com/gwangju-gazebo,35.1594647,126.8515034
Reade Street Capitals,2016,New York City,United States,cast-iron,WorkAC,The renovation of a building in Tribeca involved reinterpreting and restoring the column capitals of its cast-iron facade using generative design algorithms.,Industry,http://www.michael-hansmeyer.com/reade-street,40.7127281,-74.0060152
Subdivided Columns,2010,Zurich,Switzerland,Composite,ETH Zurich,"Conception and design of a new column order based on subdivision processes, exploring how subdivision can define and embellish the column order with an elaborate system of ornament.",University,http://www.michael-hansmeyer.com/subdivided-columns,47.3744489,8.5410422
Additive Manufacturing Along Principal Stress Lines,2017,Cambridge,United States,Plastic,Massachusetts Institute of Technology,Optimization techniques for additive manufacturing to maximize structural stiffness along principal stress lines.,University,https://dspace.mit.edu/handle/1721.1/116338,42.3656347,-71.1040018
Concrete Without Forms,1941,San Bruno,United States,Concrete,Youtube,Innovative 3D printing construction project using Concrete without traditional forms.,Industry,https://www.youtube.com/watch?v=nkxe9uK8jSo,37.6248536,-122.4145986
Fibonacci House,2020,Tokyo,Japan,Concrete,Twente Additive Manufacturing,Twente Additive Manufacturing 3D-prints a house based on the Fibonacci sequence.,Industry,https://www.designboom.com/architecture/twente-additive-manufacturing-fibonacci-house-11-06-2020/,35.6768601,139.7638947
3D Printing Concrete Live - World's Records,2025,San Bruno,United States,Concrete,Youtube,Setting world records for 3D printing Concrete in a time lapse video.,Industry,https://www.youtube.com/watch?v=uCE0ojKWqSM,37.6248536,-122.4145986
N-AM_Li3,2019,,,3d printed,Lithium Designers GmbH,"N-AM_Li3 is the first fully engineered 3D-printed Metal component for the building industry, based on a complete set of digital information needed for certification and manufacturing in the German mar",Industry,https://li3designers.com/?portfolio=n-am_li3,34.220389,70.3800314
Restoring Frank Lloyd Wright Chapel,2014,Lakeland,United States,Concrete,Florida Southern College,Restoring historic chapel walls designed by Frank Lloyd Wright using 3D printed molds.,University,https://3dprintingindustry.com/news/restoring-history-frank-lloyd-wright-3d-printing-32819/,28.0394654,-81.9498042
Lunar Floor for European Space Agency,2021,Amsterdam,Netherlands,Metal,MX3D,"A skeletal floor for the ESA-supported lunar habitat design, 3D printed in stainless steel to meet efficiency and construction constraints.",Industry,https://mx3d.com/industries/construction/lunar-floor-for-esa/,52.3730796,4.8924534
New 3D Printing Cement Developed by Japanese Leaders Taisei & Taiheiyo,2020,Tokyo,Japan,Concrete,Taisei,Development of new 3D printing cement for construction applications.,Industry,https://3dprint.com/269672/strides-construction-3d-printing-taisei-taiheiyo-cement-build-digimix-cement-t-3dp/,35.6768601,139.7638947
India's First 3D-Printed Building,2024,Abu Dhabi,UAE,indigenous construction materials,L&T Construction,L&T Construction successfully 3D-printed a 700 sq feet building ground plus first floor with reinforcement for the first time in India.,Industry,https://www.indiatimes.com/news/india/this-is-indias-first-3d-printed-building-made-using-indigenous-construction-materials-530528.html,24.4538352,54.3774014
3D Printed Residential House,2017,Copenhagen,Denmark,Metal,Group of Russian Machining,A group of Russian machining and 3D printing companies constructed a 3D printed residential house in just 24 hours.,Industry,https://3dprint.com/192043/3d-printed-residential-home-russia/,55.6867243,12.5700724
3D Printed Reinforced Beam,2017,Zurich,Switzerland,Composite,ETH Zurich,"The 3D Printed Reinforced Beam is part of ongoing research into 3D printed, structural building components. Cantilevering beams up to 4.5 meters long are fabricated using binder-jetting technology.",University,http://dbt.arch.ethz.ch/project/3d-printed-reinforced-beam/,47.3744489,8.5410422
3D-Printed Concrete Columns,,Zurich,Switzerland,Composite,ETH Zurich,ETH Zurich developed 3D-printed Concrete columns.,University,http://dbt.arch.ethz.ch/media-feature/eth-zurich-develops-3d-printed-Concrete-columns/,47.3744489,8.5410422
Robotic 3D Printing of Complex Structures,2019,Zurich,Switzerland,Concrete,Block Research Group,This project focused on using robotic 3D printing technology to construct complex structures using Concrete.,University,https://block.arch.ethz.ch/brg/publications/667,47.3744489,8.5410422
Glass 3D Printing,2019,Zurich,Switzerland,Composite,ETH Zurich,ETH researchers used a 3D printing process to produce complex and highly porous glass objects using a special resin cured with UV light.,University,https://ethz.ch/en/news-and-events/eth-news/news/2019/11/glass-from-a-3d-printer.html,47.3744489,8.5410422
The Smart Slab,2016,Duebendorf,Switzerland,Concrete,EMPA,The Smart Slab enhances the structural properties of Concrete with a radical new aesthetic using 3D-printed formwork.,University,http://dbt.arch.ethz.ch/project/smart-slab/,47.3969942,8.6185666
Arabesque Wall,2015,Toronto,Canada,3d printed sandstone,Benjamin Dillenburger,"The Arabesque Wall is a massive 3D printed wall with ornamental details down to the scale of millimeters, playing with the tradition of arabesque ornaments.",Industry,https://benjamin-dillenburger.com/arabesque-wall/,43.6534817,-79.3839347
Digital Grotesque,2013,Zurich,Switzerland,Composite,ETH Zurich,"A 3D printed room with intricate and complex geometries, created using algorithms and 3D printing technology.",University,http://digital-grotesque.com/,47.3744489,8.5410422
Grotes-Qdigital,2024,,,unknown,Digital Grotesque,Blog about making architecture in 3D,Industry,http://digital-grotesque.com/,34.220389,70.3800314
Digital Grotesque,2013,Zurich,Switzerland,Composite,ETH Zurich,"A 3D printed room with intricate, organic-like designs created using algorithms.",University,http://digital-grotesque.com/,47.3744489,8.5410422
Acadia18_312.Pdf,1992,,,Earthen,Papers,,,http://papers.cumincad.org/data/works/att/acadia18_312.pdf,34.220389,70.3800314
Arabesque Wall,2015,,,3d-printed material,Michael Hansmeyer,"Arabesque Wall is a massive 3D-printed wall with ornamental details at the scale of millimeters, playing with the tradition of arabesque ornaments by creating intricate constellations that are both fi",University,http://www.michael-hansmeyer.com/arabesque-wall,34.220389,70.3800314
Grotes-Qdigital,2024,,,unknown,Digital Grotesque,Blog about making architecture in 3D,Industry,http://digital-grotesque.com/,34.220389,70.3800314
Gwangju Gazebo,2017,Gwangju,South Korea,3d-printed material,Michael Hansmeyer,"The Gwangju Gazebo project explores the relationship between a building's core and its envelope, inspired by Gottfried Semper's Bekleidungstheorie (principle of clothing).",Industry,http://www.michael-hansmeyer.com/gwangju-gazebo,35.1594647,126.8515034
Reade Street Capitals,2016,New York City,United States,cast-iron,WorkAC,The renovation of a building in Tribeca to reinterpret and restore the column capitals of its cast-iron façade using generative design algorithms.,Industry,http://www.michael-hansmeyer.com/reade-street,40.7127281,-74.0060152
Subdivided Columns,2010,Zurich,Switzerland,Composite,ETH Zurich,"The project involves the conception and design of a new column order based on subdivision processes, exploring how subdivision can define and embellish the column order with an elaborate system of orn",University,http://www.michael-hansmeyer.com/subdivided-columns,47.3744489,8.5410422
Additive Manufacturing Along Principal Stress Lines,2017,Cambridge,United States,Plastic,Massachusetts Institute of Technology,Optimization techniques for additive manufacturing to maximize structural stiffness.,University,https://dspace.mit.edu/handle/1721.1/116338,42.3656347,-71.1040018
Concrete Without Forms,2025,San Bruno,United States,Concrete,Youtube,Innovative 3D printing construction project using Concrete without the need for traditional forms.,Industry,https://www.youtube.com/watch?v=nkxe9uK8jSo,37.6248536,-122.4145986
Fibonacci House,2020,Tokyo,Japan,Concrete,Twente Additive Manufacturing,Twente Additive Manufacturing 3D-prints a house based on the Fibonacci sequence.,Industry,https://www.designboom.com/architecture/twente-additive-manufacturing-fibonacci-house-11-06-2020/,35.6768601,139.7638947
N-AM_Li3,2019,,,3d printed,Lithium Designers GmbH,"N-AM_Li3 is the first fully engineered 3D-printed Metal component for the building industry, based on a complete set of digital information needed for certification and manufacturing in the German mar",Industry,https://li3designers.com/?portfolio=n-am_li3,34.220389,70.3800314
Restoring Frank Lloyd Wright Chapel,2014,Lakeland,United States,Concrete,Florida Southern College,Restoring historic chapel walls designed by Frank Lloyd Wright using 3D printed molds.,University,https://3dprintingindustry.com/news/restoring-history-frank-lloyd-wright-3d-printing-32819/,28.0394654,-81.9498042
Lunar Floor for European Space Agency,2021,Amsterdam,Netherlands,Metal,MX3D,"A skeletal floor for the ESA-supported lunar habitat design, 3D printed in stainless steel to meet efficiency and construction constraints.",Industry,https://mx3d.com/industries/construction/lunar-floor-for-esa/,52.3730796,4.8924534
Serenity 1,,,,unknown,Emergent,"Serenity 1 is Emergent's first concept home for the Paradise wildfire rebuild, offering unique indoor living that flows seamlessly outdoors.",Industry,https://emergent-3d.com/serenity-1,34.220389,70.3800314
St. Marks Wildfire Restoration House,,Redding,United States,unknown,Emergent,"The St. Mark's Street development consists of four 2-bedroom, 2-bath 1,150 square foot units designed to provide housing for AccessHome clients, serving underserved populations.",Industry,https://emergent-3d.com/st-marks,40.5863563,-122.391675
Spindrift,,Redding,United States,Plastic,Emergent,"The 3,200-square-foot Spindrift showcases the capabilities of Emergent's 3D printed homes with curved garden walls and floor plan, making it cost-effective compared to conventional construction.",Industry,https://emergent-3d.com/spindrift,40.5863563,-122.391675
First 3D printed house in Borneo,2022,,,Concrete,SCIB,"The first 3D printed house in Borneo, a biodiverse island known for its wildlife, was constructed using Concrete by precasting specialist SCIB.",Industry,https://cobod.com/even-borneo-now-has-its-first-3d-printed-house/,34.220389,70.3800314
Largest 3DCP Housing Project in Canada,,Calgary,Canada,Concrete,nidus3D,"The project consists of four buildings each with four supportive housing units, designed to provide a haven for individuals of Siksika Nation. Design elements incorporate aspects of Siksika Nation’s h",Industry,https://nidus3d.com/largest-3dcp-housing-project-in-canada/,51.0456064,-114.057541
North America's First Multi-Unit 3D Printed Homes,2021,Leamington,Canada,csa-approved Concrete mix,nidus3D in partnership with Habitat for Humanity Windsor-Essex,"North America’s first residentially permitted multi-unit 3D printed building, consisting of four self-contained 560 square foot homes, partially funded through Canada Mortgage and Housing Corporation’",University,https://nidus3d.com/leamington/,42.0531385,-82.5997722
Bostock Studio on Wolfe Island,,,,Concrete,nidus3D,"North America’s First 3D Printed 2-Story Building, a multi-story, permitted studio plus living space drawing on the parallels between striated limestone and printed Concrete.",Industry,https://nidus3d.com/bostock-studio-wolfe-island/,34.220389,70.3800314
A&D Multi-Storey,,,,Concrete,nidus3D,"North America’s First 3D Printed Basement + 2 Multi-Family project showcasing the first 3D-printed three-storey building, basement, urban construction, and gentle densification project.",Industry,https://nidus3d.com/project-1/,34.220389,70.3800314
The Water Snake Art Project,,Toronto,Canada,3d-printed sculptural components,RAW Architecture,"An interactive art installation in the City of Kingston waterfront, funded by the Canada Community Revitalization Fund.",Industry,https://nidus3d.com/water-snake/,43.6534817,-79.3839347
Grange Close Development,2022,Louth,Ireland,"flomix, 3d printable rmc with 295kg co2/m³",Harcourt Technologies Ltd,"330sqm superstructure in Louth, Ireland completed in 12 days using 3DCP technology, 35% faster than traditional methods.",Industry,https://www.htl.tech/3dcp-projects-backend/pirnmillsligo-pd2yy,53.9062848,-6.5320502
Drogheda Demo Build,2022,Louth,Ireland,"flomix, 3d printable rmc with 295kg co2/m³",Harcourt Technologies Ltd,3D-printing project in Drogheda demo build by Harcourt Technologies Ltd.,Industry,https://www.htl.tech/3dcp-projects-backend/dogheda-demo-build-55gr5,53.9062848,-6.5320502
MiniMass Bridge,2022,Louth,Ireland,"flomix, 3d printable rmc with 295kg co2/m³",Harcourt Technologies Ltd,A 3D-printed bridge project completed in 2022 by Harcourt Technologies Ltd.,Industry,https://www.htl.tech/3dcp-projects-backend/minimass-bridge-s6hln,53.9062848,-6.5320502
Ready 4 Space,2023,Pfaffenhofen,Germany,3d-printed construction material,Rupp Gebäudedruck GmbH,"Rupp Gebäudedruck offers high-quality modular houses with their ""Ready 4 Space"" architecture series, providing options for home offices, guest houses, or extensions for grandparents. They are also sui",Industry,https://rupp-gebaeudedruck.de/pressemeldungen/elementor-3620/,49.0641578,8.9753958
Harmonic Tides,2025,London,United Kingdom,3d-printed installation,Mamou-Mani Architects,"Winner of the International Shaping Water competition, this immersive 3D-printed installation redefines the concept of ""waves"" as sound frequencies, symbolizing sonic healing and resonance.",Industry,https://mamou-mani.com/project/harmonic-tides-shaping-water-competition-winner/,51.4893335,-0.1440551
CONIFERA,2019,Milan,Italy,3d-printed architectural installation made from renewable resources,Mamou-Mani Ltd,"CONIFERA is a large-scale 3D printed architectural installation made from renewable resources, situated in Milan's 16th century Palazzo Isimbardi, and was open to the public for the duration of Salone",Industry,https://mamou-mani.com/project/conifera/,45.4641943,9.1896346
ALVEA: A COCOON FOR DBI’S HQ,2024,New York,USA,3d-printed architectural installation made from renewable resources,Mamou-Mani Ltd,"Alvea is an eco-parametric interior design project for Dynamic Beta Investment (DBI)’s fintech hedge fund headquarters in New York, focusing on technological innovation and environmental responsibilit",Industry,https://mamou-mani.com/project/alvea/,40.7127281,-74.0060152
THE ROE RESTAURANT,2024,London,United Kingdom,3d-printed architectural installation made from renewable resources,Mamou-Mani Ltd,"An avant-garde gourmet restaurant in London with a tree-like sculpture as a centrepiece, showcasing underused produce.",Industry,https://mamou-mani.com/project/the-roe-restaurant/,51.4893335,-0.1440551
The Roof Gardens Lift,2024,London,United Kingdom,3d-printed architectural installation made from renewable resources,Mamou-Mani Ltd,"An interactive lift experience at The Roof Gardens in London, designed to transform a simple elevator ride into a magical cloud-like journey.",Industry,https://mamou-mani.com/project/the-roof-gardens-lift/,51.4893335,-0.1440551
Mirage in Yumeshima,,,,polycarbonate panels,HIGASHIYAMA STUDIO,"A 3D printed structure with polycarbonate panels that can adapt to changes in shape and size, creating a mirage-like effect in its surroundings.",Industry,https://www.hgsymstd.com/expo,34.220389,70.3800314
Tor Alva,2025,Zurich,Switzerland,Composite,ETH Zurich,"Tor Alva is the world's tallest 3D-printed building, showcasing digital construction techniques for load-bearing structures without formwork.",University,https://ethz.ch/en/news-and-events/eth-news/news/2025/05/from-confectioners-to-robots-tor-alva-in-mulegns-is-unveiled.html,47.3744489,8.5410422
Robotic 3D Printing of Concrete Structures,2019,Zurich,Switzerland,Composite,ETH Zurich,ETH Zurich's Block Research Group used robotic 3D printing technology to construct Concrete structures.,University,https://brg.ethz.ch/research/prototypes/744,47.3744489,8.5410422
Robotic 3D Printing of Concrete Structures,2019,Zurich,Switzerland,Composite,ETH Zurich,ETH Zurich's Block Research Group utilized robotic 3D printing technology to construct innovative Concrete structures.,University,https://brg.ethz.ch/research/theses/757,47.3744489,8.5410422
Robotic 3D Printing of Complex Structures,2019,Zurich,Switzerland,Composite,ETH Zurich,ETH Zurich's Block Research Group used robotic 3D printing to construct complex Concrete structures.,University,https://brg.ethz.ch/research/demonstrators/728,47.3744489,8.5410422
3D Printed Office Building,2019,Moscow,Russia,Concrete,Apis Cor,Apis Cor 3D printed a fully functional office building in 2019 using Concrete materials.,Industry,https://serendix.com/1-1,55.625578,37.6063916
Geological Microbial Formations,2018,,,"sand, microbial cultures, mineral-binding",dbt digital building technologies,A project exploring biocementation to transform construction waste into architectural materials using a robotic arm for continuous layering.,University,https://dbt.arch.ethz.ch/project/geological-microbial-formations/,34.220389,70.3800314
Cadenza,2024,Duebendorf,Switzerland,Concrete,Empa,"Cadenza is a helical Concrete stair installed in the BASF office STEP2 Unit at NEST in Dübendorf, showcasing cutting-edge engineering and fabrication technology for bespoke designs with new aesthetics",University,https://dbt.arch.ethz.ch/project/cadenza/,47.3969942,8.6185666
Digital Fabrication of Biologically Cemented Spatial Structures,2023,Zurich,Switzerland,Composite,ETH Zurich,"Integrating Microbially Induced Calcite Precipitation with nonplanar granular 3D printing to create thin, porous structures with increased surface area for biocementation.",University,https://dbt.arch.ethz.ch/project/digital-fabrication-of-biologically-cemented-spatial-structures/,47.3744489,8.5410422
Prōtóplasto,2023,Aargau,Switzerland,Plastic,dbt digital building technologies,Prōtóplasto is an ultra lightweight plastic media installation created with a novel constructive system pairing 3D printing method for polymers with high build up rates and 3D printed connections for ,Industry,https://dbt.arch.ethz.ch/project/protoplasto/,47.412396,8.1948321
Fluid Forms,2023,Aargau,Switzerland,lightweight shell,dbt digital building technologies,"A 2.0-meter tall lightweight shell fabricated using non-planar robotic 3D printing, showcasing an innovative robotic additive manufacturing method for printing doubly curved thin shells more efficient",University,https://dbt.arch.ethz.ch/project/fluid-forms/,47.412396,8.1948321
Airlements,2021,Zürich,Switzerland,cement-free mineral foams from recycled waste,ETH Zürich in collaboration with FenX AG,"Research project using foam 3D-printing for monolithic, lightweight, and insulated wall construction to reduce material, labor, and costs for bespoke building parts.",University,https://dbt.arch.ethz.ch/project/airlements/,47.3744489,8.5410422
Arzo,2023,Zurich,Switzerland,waste from marble quarries,Swiss Federal Institute of Technology Zurich (ETH),3D Printing with waste from marble quarries to produce customizable architectural elements and optimized floor systems.,University,https://dbt.arch.ethz.ch/project/arzo/,47.3744489,8.5410422
Cold Production: Programming Concrete Openwork with Ice Formwork,2021,Zurich,Switzerland,Concrete,Digital Building Technologies,"Cold Production explores a zero-waste fabrication method for Concrete using digitally sculpted ice as a moulding material, creating spatial Concrete lattices.",University,https://dbt.arch.ethz.ch/project/cold-works/,47.3744489,8.5410422
FoamWork,2021,Zürich,Switzerland,cement-free mineral foams from recycled waste,ETH Zürich in collaboration with FenX AG,"FoamWork explores how foam 3D printing can be used to create unique shapes for formwork in Concrete casting, optimizing resource efficiency.",University,https://dbt.arch.ethz.ch/project/foamwork/,47.3744489,8.5410422
HiRes Concrete - dbt : 3D-Printed Formwork for the NEST HiLo,2021,Zurich,Switzerland,Concrete,Digital Building Technologies,"The HiRes Concrete Slab is an ultra-efficient structural element that showcases the unique advantages of 3D-printed formwork, demonstrating a disruptive new construction method with reduced embodied c",University,https://dbt.arch.ethz.ch/project/3d-printed-formwork-for-hires-Concrete-slab/,47.3744489,8.5410422
Beyond Transparency: Robotically Enhanced Glass Architecture,2020,Aargau,Switzerland,glass,dbt digital building technologies,"This project explores the use of glass in architecture, focusing on its transformative properties and the use of robotics in construction.",Industry,https://dbt.arch.ethz.ch/project/beyond-transparency/,47.412396,8.1948321
Tor Alva,2021,Mulegns,Switzerland,3d-printed building,Fundaziun Origen,"Tor Alva is a 30-meter tall, 3D-printed building in Mulegns, Switzerland, designed for art installations, music, and theater performances.",University,https://dbt.arch.ethz.ch/project/tor-alva/,46.5240626,9.6209895
Digital Bamboo - dbt,Specific year not provided,Zurich,Switzerland,Composite,ETH Zurich,"The Digital Bamboo pavilion explores the innovative combination of bamboo with digital fabrication, showcasing a lightweight structure with bespoke connections manufactured using 3D printing technolog",University,https://dbt.arch.ethz.ch/project/digital-bamboo/,47.3744489,8.5410422
Fast Complexity,2020,Zurich,Switzerland,Concrete,Digital Building Technologies,The project aims to use Concrete more efficiently by designing complex buildings that use less Concrete through optimization algorithms. It combines the fabrication speed of Concrete 3D printing with ,University,https://dbt.arch.ethz.ch/project/fast-complexity/,47.3744489,8.5410422
Additive Archetypes,2019,Aargau,Switzerland,Concrete,dbt digital building technologies,"Additive Archetypes is a series of prototypes based on the research Dissolvable Formwork, showcasing the use of 3D printed formwork for producing load-bearing ornamented or integrative columns.",University,https://dbt.arch.ethz.ch/project/additive-archetypes/,47.412396,8.1948321
Concrete Choreography,2019,Zurich,Switzerland,Composite,ETH Zurich,"Installation of nine individually designed 2.7m tall Concrete columns 3D printed in 2.5 hours each, in collaboration with Origen Festival in Riom, Switzerland.",University,https://dbt.arch.ethz.ch/project/Concrete-choreography/,47.3744489,8.5410422
Docofossor,2019,Zurich,Switzerland,Composite,ETH Zurich,"Docofossor is a terrain modeling plugin for Rhino 6 + Grasshopper, developed in collaboration with Ilmar Hurkxkens from the Chair of Landscape Architecture at ETH Zurich. It enables easy editing of cu",University,https://dbt.arch.ethz.ch/project/docofossor/,47.3744489,8.5410422
Acoustic Mirrors,2018,Aargau,Switzerland,Bio,dbt digital building technologies,"The installation ""Acoustic Mirrors"" showcases the potential of computational design and large scale 3D printing for construction, allowing people to communicate by whispering over a large distance.",University,https://dbt.arch.ethz.ch/project/acoustic-mirrors/,47.412396,8.1948321
Functional Formwork for a Funicular Floor,2019,,,Concrete,dbt,"The project showcases the functional integration of ventilation, heating, and cooling systems inside a Concrete slab using 3D printed formwork.",University,https://dbt.arch.ethz.ch/project/functional-formwork-for-Concrete-floors/,34.220389,70.3800314
LevisErgon,2017,Zurich,Switzerland,Composite,ETH Zurich,"3D Printing for Lightweight Ergonomic Chaise Longue, showcasing the potential of digital fabrication and computational design.",University,https://dbt.arch.ethz.ch/project/levisergon/,47.3744489,8.5410422
Digital Metal: Deep Facade,2018,Zurich,Switzerland,Composite,ETH Zurich,"Deep Facade explores the unique potential of 3D printing sand mould and casting metal for architecture, combining fabrication methods to produce custom and complex structural metal parts affordably.",University,https://dbt.arch.ethz.ch/project/digital-metal-deep-facade/,47.3744489,8.5410422
The Smart Slab,2016,Duebendorf,Switzerland,Concrete,EMPA,The Smart Slab enhances the structural properties of Concrete with a radical new aesthetic using 3D-printed formwork.,University,https://dbt.arch.ethz.ch/project/smart-slab/,47.3969942,8.6185666
ACORN,2023,Bath,United Kingdom,Concrete,"University of Bath, University of Cambridge, University of Dundee",Research project funded by UKRI to automate Concrete construction.,University,https://automated.construction/,51.3813864,-2.3596963
Topology Optimisation for a Concrete Slab,2016,Aargau,Switzerland,Concrete,dbt digital building technologies,"Using binder-jet 3D-printing to fabricate sandstone formworks for casting Concrete in complex geometries, reducing material costs and carbon footprint.",Industry,https://dbt.arch.ethz.ch/project/topology-optimisation-Concrete-slab/,47.412396,8.1948321
3D Printed Slab,2016,Aargau,Switzerland,Plastic,dbt digital building technologies,Investigating the feasibility of using additive manufacturing to produce large-scale building components with optimized material distribution.,Industry,https://dbt.arch.ethz.ch/project/topology-optimisation-3d-printed-slabs/,47.412396,8.1948321
3D Printed Reinforced Beam,2017,Zurich,Switzerland,Composite,ETH Zurich,"Ongoing research into 3D printed, structural building components. Two-sided cantilevering beams, up to 4.5 meters long, fabricated out of sandstone using binder-jetting technology.",University,https://dbt.arch.ethz.ch/project/3d-printed-reinforced-beam/,47.3744489,8.5410422
Digital Metal: Shaping Liquid Pavilion,2016,Zurich,Switzerland,Composite,ETH Zurich,"The Digital Metal structure is a 4m wide, 6m long, and 5m high space frame made of over 200 customised joints and 400 meters of off-shelf aluminum-profiles. It explores the potential of 3D printing fo",University,https://dbt.arch.ethz.ch/project/digital-metal-pavilion/,47.3744489,8.5410422
Electrical Skin,2017,Zurich,Switzerland,Composite,ETH Zurich,"""Electrical Skin"" is a robotically 3D printed free-form façade-panel with integrated lighting, showcasing how computation and digital fabrication can revolutionize architectural components.",University,https://dbt.arch.ethz.ch/project/electrical-skin/,47.3744489,8.5410422
Wall Building Machine,1941,,,Concrete,Urschel,"The Wall Building Machine, created by William E. Urschel in 1941, laid the seeds for the concept of 3D printed houses. It resembles many construction 3D printing systems used today.",Industry,https://3dprint.com/296046/3d-printed-houses-are-much-much-older-than-you-think/,34.220389,70.3800314
Digital Grotesque II at Centre Pompidou,2017,Zurich,Switzerland,Composite,ETH Zurich,"A full-scale 3D printed grotto designed by algorithm and materialized out of 7 tons of printed sandstone, exhibited at Centre Pompidou's 'Imprimer le monde' exhibition.",University,https://dbt.arch.ethz.ch/project/digital-grotesque-at-centre-pompidou/,47.3744489,8.5410422
World's tallest 3D printed tower,2024,Doha,Qatar,Concrete,"KPM3, Saint-Gobain Weber Benelux, Witteveen+Bos",The world's tallest 3D-printed Concrete structure was realized in Qatar for the Qatari Ministry of Communications and Information Technology's pavilion at the Doha Expo 2023.,Industry,https://www.3d.weber/en/news/world-record-qatar-has-tallest-3d-printed-tower,25.2856329,51.5264162
Project Milestone,2021,Eindhoven,Netherlands,Concrete,"Eindhoven University of Technology, Van Wijnen, Saint-Gobain Weber Beamix, Vesteda, Municipality of Eindhoven, Witteveen+Bos","The first resident of the first ever Dutch 3D-printed Concrete home in Eindhoven receives the key, part of Project Milestone which complies with all building requirements in The Netherlands.",University,https://www.3d.weber/en/news/first-resident-of-3d-printed-Concrete-house-in-eindhoven-receives-key,51.4392648,5.478633
Longest 3D-printed Concrete bicycle bridge,2021,Nijmegen,Netherlands,Concrete,Saint-Gobain Weber Beamix,"The Dutch city of Nijmegen now has the longest Concrete 3D-printed bicycle bridge in the world, with a length of 29 meters. The architect had complete freedom in the design due to the 3D printing proc",Industry,https://www.3d.weber/en/news/longest-3d-printed-Concrete-bicycle-bridge,51.8474946,5.8637771
3D printed Burj al-Hamam,2022,Eindhoven,Netherlands,Concrete,Saint-Gobain Weber Beamix,"A 3D printed modern version of the Burj al-Hamam, paying tribute to traditionally built pigeon towers in Qatar, providing shelter for pigeons during migration season and serving as an ecological way o",Industry,https://www.3d.weber/en/news/3d-printed-burj-al-hamam-steals-the-show-at-the-floriade,51.4392648,5.478633
3D Printed Slopestairs,2023,,,Concrete,3D.Weber,"3D printed slopestairs with a 60% lower CO2 footprint compared to regular prefab staircases, using less Concrete and no reinforcement steel.",Industry,https://www.3d.weber/en/news/discover-our-newest-3d-printed-slopestairs,34.220389,70.3800314
3D printed street furniture and skate objects,2023,,,Concrete,Bureau RIS,3D printing of Concrete street furniture and skate objects offers design freedom and cost-effectiveness compared to traditional Concrete elements in public spaces.,Industry,https://www.3d.weber/en/news/3d-printed-street-furniture-offers-many-advantages,34.220389,70.3800314
3D-printed bicycle bridges on N243,2023,Eindhoven,Netherlands,Concrete,Weber,"Three 3D-printed bicycle bridges were constructed on the N243 road between Alkmaar and Koggenland, showcasing sustainable building practices.",Industry,https://www.3d.weber/en/news/three-different-3d-printed-bicycle-bridges-next-to-the-n243,51.4392648,5.478633
3D-printed Concrete in color,2024,,,Concrete,3D.Weber,"Add color to your stairs, wall elements, or Concrete furniture with 3D-printed Concrete now available in yellow, red, brown, green, grey, and anthracite. This sustainable and colorful option offers mo",Industry,https://www.3d.weber/en/news/3d-printed-Concrete-now-available-in-colour,34.220389,70.3800314
Project Milestone,2024,Eindhoven,Netherlands,Concrete,Saint-Gobain Weber Beamix,"4 new 3D Concrete printed houses are being built as part of the Project Milestone, following the success of the first printed house in 2021.",Industry,https://www.3d.weber/en/news/project-milestone-to-be-continued,51.4392648,5.478633
3D printed Concrete skate elements for international sports event in Paris,2024,Paris,France,Concrete,Saint-Gobain Weber Beamix,"Saint-Gobain Weber Beamix produced 3D printed Concrete skate elements for an international sports event in Paris, showcasing innovation in both sports and construction sectors.",Industry,https://www.3d.weber/en/news/saint-gobain-weber-beamix-produces-3d-printed-Concrete-skate-elements-for-international-sports-event-in-paris,48.8588897,2.320041
"The Vibe, Eindhoven",2023,Nice,France,Concrete,"Ivo Hulskamp, Eindhoven365","The Vibe is a multifunctional public space object in Eindhoven City Centre, serving as a bench, flagpole, roadblock, and city branding element based on the iconic shape of the city logo.",Industry,https://www.3d.weber/en/projects/the-vibe-eindhoven,43.7009358,7.2683912
"Slopestairs, A1 Apeldoorn-Twello",2024,Apeldoorn,Netherlands,Concrete,Heijmans,"3D printed slope stairs were used in the widening project of A1 Apeldoorn-Twello, an important road connection between economic areas.",Industry,https://www.3d.weber/en/projects/slopestairs-a1-apeldoorn-twello,52.1795738,5.9300775
"3D printed bridges, North-Holland",2023,Alkmaar,Netherlands,Concrete,"Province of North Holland, BAM Infra Nederland, Witteveen+Bos",Three 3D printed Concrete bicycle bridges were installed for the 'N243 Rehabilitation' project to make the N243 safer for cyclists.,Industry,https://www.3d.weber/en/projects/3d-printed-bridges-north-holland,52.6008538,4.8170994
"Skatepark, Paris",2024,Paris,France,Concrete,Saint-Gobain Weber,"Saint-Gobain Weber unveiled a groundbreaking 400 m² skatepark on the Esplanade de Paris La Défense in 2024, featuring shapes reminiscent of a giant pinball machine and innovative use of 3D Concrete pr",Industry,https://www.3d.weber/en/projects/skatepark-paris,48.8588897,2.320041
"De Expeditie, Arnhem",2023,Arnhem,Netherlands,Concrete,Bureau RIS,"An innovative outdoor classroom and stage made of 3D-printed Concrete at De Expeditie primary school in Arnhem, serving as functional seating and educational tools.",University,https://www.3d.weber/en/projects/de-expeditie-arnhem,52.0056642,5.8762345
Slopestairs Yerseke,2024,Sliedrecht,Netherlands,3d printed Concrete,Van den Herik Sliedrecht,Two unique 3D printed slope stairs as part of the project 'Realisatie ontwikkeling haven Yerseke' for the Municipality of Reimerswaal.,Industry,https://www.3d.weber/en/projects/slopestairs-yerseke,51.8308564,4.769843
"Slopestairs, Amstelveen",2020,Amstelveen,Netherlands,3d-printed Concrete,BAM Infra,"Four 3D-printed Concrete slope stairs installed at Ouderkerkerlaan in Amstelveen, with reduced CO2 emissions due to innovative production process creating hollow spaces.",Industry,https://www.3d.weber/en/projects/slopestairs-amstelveen,52.2862177,4.8526493
Slopestairs Dijksgracht,2025,Amsterdam,Netherlands,Concrete,"Strukton Civiel, Molhoek CCT","A 3D-printed slope stair in Amsterdam, seamlessly bridging height differences with smart design and sustainability.",Industry,https://www.3d.weber/en/projects/slopestairs-dijksgracht-amsterdam,52.3730796,4.8924534
"Bicycle bridge, Steenwijk",2022,Steenwijk,Netherlands,Concrete,Antea Group,The bridge is one of the first bicycle bridges in the world that has been fully printed using 3D-printing technology.,Industry,https://www.3d.weber/en/projects/bicycle-bridge-steenwijk,52.7895502,6.1210477
"Slopestairs, Bitgum",2023,Leeuwarden,Netherlands,Concrete,Provincie Fryslan,"An innovative 3D-printed slope stair in the Frisian landscape near Bitgum, combining functionality and sustainability.",University,https://www.3d.weber/en/projects/slopestairs-bitgum,53.2005936,5.7918548
"Water containing formwork, Driebergen Zeist",2020,Amstelveen,Netherlands,3d-printed Concrete,Bam Infra,"Several elements in the outdoor space at Driebergen-Zeist were 3D printed, including tree planters and a retaining wall for an outflow basin.",Industry,https://www.3d.weber/en/projects/water-containing-formwork-driebergen-zeist,52.2862177,4.8526493
"Slopestairs, de Poel ’s-Heer Abtskerke",2024,,,Concrete,Van Boekel bouw,"The slopestair is a practical addition for access and a visual element blending with the natural environment, showcasing cooperation between technology and nature.",Industry,https://www.3d.weber/en/projects/slopestairs-de-poel-s-heer-abtskerke,34.220389,70.3800314
"Perfect Wave, Eindhoven",2019,Eindhoven,Netherlands,Concrete,3D.Weber,"The Perfect Wave is a 3D printed skate ramp easily integratable in existing parks or skate parks, created through collaboration between 3D.Weber and Studio mo man tai in Eindhoven.",Industry,https://www.3d.weber/en/projects/perfect-wave-eindhoven,51.4392648,5.478633
"Slopestairs, Rotterdam",2023,Rotterdam,Netherlands,Concrete,Port of Rotterdam Authority N.V.,Three Concrete printed slope stairs were printed layer by layer for the project 'Landscapes Theemswegtracé' in Rotterdam.,Industry,https://www.3d.weber/en/projects/slopestairs-rotterdam,51.9244424,4.47775
"Tower Doha, Qatar",2023,Doha,Qatar,Concrete,Qatar’s Ministry of Communications,Qatar achieved a Guinness World Record with the construction of the world’s tallest freestanding 3D printed Concrete structure in 2023. The project was commissioned for the Doha Expo and showcased tec,University,https://www.3d.weber/en/projects/tower-doha-qatar,25.2856329,51.5264162
"Staircase, Linschoten",2025,Linschoten,Netherlands,Concrete,Hoogheemraadschap De Stichtse Rijnlanden,"A unique 3D-printed free-standing staircase installed at the fish passage in Linschoten, providing safe and easy access.",Industry,https://www.3d.weber/en/projects/staircase-linschoten,52.0643061,4.9128416
"Method for making decorative articles",1925,Pennsylvania,USA,Metal,Ralph Baker,"Ralph Baker's 1925 patent described a method for using electric arc welding to deposit molten metal in superposed layers to create decorative containers and ornamental objects. The process involved manipulating a fusible electrode in spiral and helical patterns to build up three-dimensional forms layer by layer, essentially creating an early form of metal 3D printing.",Industry,https://patents.google.com/patent/US1533300A/en,0,0
